airline,model,sample,comp,train,parts,incidents,fsi,otp,age,cycles,hA,hC,defects,anomalies,findings,maintenanceCost
Emirates,A380,1,0.957,0.936,0.948,0.991,0.957,0.863,0.93,0.912,0.952,0.954,0.978,1.0,0.983,0.97
Emirates,A380,2,0.962,0.922,0.93,0.977,0.986,0.901,0.917,0.936,0.909,0.939,0.987,1.0,0.952,0.97
Emirates,A380,3,0.968,0.946,0.966,0.937,0.971,0.862,0.841,0.902,0.928,0.981,0.993,0.927,0.99,0.97
Emirates,A380,4,0.94,0.938,0.944,0.973,0.976,0.916,0.93,0.939,0.977,0.928,0.945,0.954,0.977,0.97
Emirates,A380,5,0.955,0.998,0.934,0.937,0.975,0.936,0.935,0.945,1.0,0.947,0.92,0.951,0.993,0.97
Emirates,A380,6,0.931,0.941,0.955,0.961,0.974,0.915,0.99,0.939,0.939,0.93,0.941,1.0,0.94,0.97
Emirates,A380,7,0.959,0.959,0.936,0.961,0.923,0.873,0.903,0.932,1.0,0.949,0.979,0.976,0.998,0.97
Emirates,A380,8,0.978,0.947,0.93,0.997,0.968,0.931,0.919,0.979,0.947,1.0,0.974,0.952,0.921,0.97
Emirates,A380,9,0.957,0.976,0.966,0.991,0.912,0.918,0.937,0.904,0.938,0.95,1.0,0.933,0.945,0.97
Emirates,A380,10,0.987,0.929,0.943,0.973,0.935,0.905,0.884,0.947,0.96,1.0,0.98,1.0,0.914,0.97
Emirates,A380,11,0.958,0.948,0.985,0.92,0.98,0.915,0.966,0.941,0.962,0.932,0.926,0.977,0.953,0.97
Emirates,A380,12,1.0,0.925,0.956,0.923,0.952,0.907,0.945,0.963,0.958,0.911,0.986,0.988,0.977,0.97
Emirates,A380,13,0.946,0.968,0.952,0.991,0.985,0.915,0.929,0.985,0.969,0.94,0.974,1.0,0.964,0.97
Emirates,A380,14,0.97,0.97,0.94,0.918,0.966,0.906,0.902,0.946,0.981,0.915,0.988,0.963,0.908,0.97
Emirates,A380,15,0.969,0.939,0.935,0.986,0.97,0.886,0.932,0.95,0.935,0.963,0.97,1.0,0.895,0.97
Emirates,A380,16,0.974,0.932,0.948,1.0,0.96,0.956,0.907,0.931,0.943,0.926,0.972,0.96,0.967,0.97
Emirates,A380,17,0.918,0.99,0.947,1.0,0.94,0.907,1.0,0.894,0.908,0.931,0.987,0.994,1.0,0.97
Emirates,A380,18,0.955,0.9,0.941,1.0,0.969,0.851,0.919,0.962,1.0,0.97,0.981,0.927,0.93,0.97
Emirates,A380,19,0.961,0.953,0.962,0.956,0.937,0.881,0.885,0.939,0.879,0.938,0.986,1.0,0.962,0.97
Emirates,A380,20,0.98,0.93,0.935,0.95,0.991,0.925,0.935,1.0,0.959,0.972,0.981,0.962,1.0,0.97
Emirates,A380,21,0.99,0.905,0.942,0.983,0.976,0.866,0.852,0.863,0.958,0.946,0.982,0.943,0.917,0.97
Emirates,A380,22,0.92,0.948,0.957,1.0,0.976,0.895,0.96,0.916,0.937,0.932,0.95,0.894,0.965,0.97
Emirates,A380,23,0.965,0.931,0.936,0.981,0.994,0.901,0.905,0.902,0.958,0.906,0.966,0.972,1.0,0.97
Emirates,A380,24,0.979,0.966,0.936,0.99,0.937,0.908,0.933,0.897,1.0,0.97,0.903,0.989,0.946,0.97
Emirates,A380,25,0.96,0.952,0.958,0.909,0.937,0.919,0.959,0.977,1.0,0.878,0.997,0.903,1.0,0.97
Emirates,A380,26,0.965,0.911,0.99,0.989,0.922,0.907,0.898,0.923,0.944,0.998,0.92,0.981,1.0,0.97
Emirates,A380,27,0.943,0.945,0.954,0.949,0.973,0.902,0.892,0.973,0.988,0.944,0.948,0.943,1.0,0.97
Emirates,A380,28,0.957,0.951,0.946,0.988,0.958,0.919,0.915,0.945,0.984,0.946,0.94,0.937,0.934,0.97
Emirates,A380,29,0.94,0.962,0.949,1.0,1.0,0.901,0.874,0.909,0.957,0.898,0.961,0.98,0.944,0.97
Emirates,A380,30,0.945,0.921,0.986,0.965,0.943,0.891,0.949,0.899,0.977,0.975,0.996,1.0,0.941,0.97
Emirates,A380,31,0.983,0.92,0.942,1.0,0.976,0.9,0.884,0.937,0.938,0.918,0.947,0.979,0.886,0.97
Emirates,A380,32,0.967,0.944,0.938,1.0,0.972,0.885,0.9,0.941,0.907,0.938,0.948,0.972,0.967,0.97
Emirates,A380,33,0.961,0.968,0.955,0.961,0.936,0.918,0.936,0.964,0.934,0.951,0.968,0.967,0.96,0.97
Emirates,A380,34,0.926,0.961,0.963,1.0,1.0,0.892,0.919,0.92,1.0,0.889,0.987,0.919,0.87,0.97
Emirates,A380,35,0.92,0.905,0.971,0.944,0.955,0.871,0.938,0.887,1.0,0.915,0.943,0.974,0.961,0.97
Emirates,A380,36,0.988,0.943,0.926,0.953,0.949,0.918,0.932,0.916,0.99,0.932,0.965,0.976,1.0,0.97
Emirates,A380,37,0.958,0.931,0.929,0.991,0.948,0.909,0.863,0.951,0.913,0.923,1.0,0.923,0.957,0.97
Emirates,A380,38,0.961,0.915,0.977,1.0,0.921,0.864,0.944,0.881,0.946,0.955,0.994,0.962,0.963,0.97
Emirates,A380,39,0.944,0.972,0.94,0.98,0.95,0.903,0.915,0.915,0.925,0.978,1.0,0.979,0.986,0.97
Emirates,A380,40,0.977,0.963,0.956,0.976,0.977,0.902,0.891,0.921,0.894,0.95,0.984,1.0,0.965,0.97
Emirates,A380,41,0.979,0.94,0.93,0.928,0.941,0.866,0.939,0.914,0.98,0.953,1.0,1.0,0.937,0.97
Emirates,A380,42,0.955,0.927,0.918,0.99,0.984,0.9,0.905,0.953,0.878,0.956,0.975,0.95,1.0,0.97
Emirates,A380,43,0.979,0.933,0.948,0.958,0.95,0.867,0.961,0.951,0.988,0.912,1.0,1.0,0.967,0.97
Emirates,A380,44,0.942,0.918,0.958,0.943,0.959,0.927,0.875,0.98,1.0,0.907,0.921,0.96,0.924,0.97
Emirates,A380,45,0.955,0.875,0.945,1.0,0.938,0.893,0.875,0.939,0.952,1.0,0.977,0.957,0.979,0.97
Emirates,A380,46,0.95,0.907,0.956,0.965,0.963,0.909,0.905,0.933,1.0,0.911,1.0,0.962,0.933,0.97
Emirates,A380,47,1.0,0.944,0.977,0.995,0.926,0.903,0.904,0.88,0.898,0.954,0.991,0.984,0.949,0.97
Emirates,A380,48,0.944,0.915,0.939,0.939,0.956,0.899,0.893,0.913,0.933,0.95,0.988,0.976,0.977,0.97
Emirates,A380,49,0.927,0.931,0.956,0.989,0.928,0.904,0.956,0.915,0.957,0.966,0.979,0.994,0.963,0.97
Emirates,A380,50,0.963,0.92,0.947,1.0,0.956,0.896,0.905,0.944,0.93,0.982,0.937,0.933,0.967,0.97
Emirates,777,1,0.963,0.947,0.971,0.958,0.969,0.877,0.898,0.889,0.919,0.887,0.863,0.889,0.898,0.94
Emirates,777,2,0.96,0.943,0.923,0.975,0.946,0.873,0.855,0.814,0.924,0.91,0.888,0.865,0.847,0.94
Emirates,777,3,0.957,0.879,0.954,0.99,0.954,0.888,0.865,0.881,0.938,0.881,0.866,0.884,0.886,0.94
Emirates,777,4,0.991,0.932,0.929,0.944,0.918,0.908,0.819,0.833,0.831,0.841,0.91,0.854,0.819,0.94
Emirates,777,5,0.964,0.931,0.959,0.992,0.96,0.868,0.856,0.885,0.88,0.83,0.929,0.885,0.866,0.94
Emirates,777,6,0.96,0.966,0.955,0.96,0.974,0.954,0.902,0.89,0.861,1.0,0.848,0.887,0.856,0.94
Emirates,777,7,0.993,0.951,0.921,0.978,0.971,0.892,0.823,0.848,0.885,0.881,0.872,0.926,0.847,0.94
Emirates,777,8,0.925,0.922,0.977,0.953,1.0,0.912,0.825,0.845,0.909,0.839,0.973,0.865,0.904,0.94
Emirates,777,9,0.989,0.937,0.93,0.962,0.967,0.922,0.862,0.828,0.901,0.856,0.814,0.876,0.83,0.94
Emirates,777,10,0.972,0.989,0.987,0.953,0.951,0.917,0.892,0.857,0.895,0.957,0.886,0.883,0.884,0.94
Emirates,777,11,0.972,0.914,0.945,0.935,0.954,0.947,0.882,0.867,0.867,0.869,0.927,0.88,0.931,0.94
Emirates,777,12,0.933,0.933,0.985,0.91,0.984,0.854,0.857,0.865,0.929,0.77,0.823,0.88,0.881,0.94
Emirates,777,13,0.942,0.934,0.926,0.958,0.943,0.906,0.877,0.913,0.877,0.869,0.892,0.89,0.878,0.94
Emirates,777,14,0.929,0.949,0.932,0.941,0.928,0.929,0.856,0.904,0.91,0.82,0.852,0.927,0.853,0.94
Emirates,777,15,0.938,0.936,0.946,0.94,0.953,0.888,0.782,0.885,0.872,0.926,0.85,0.845,0.922,0.94
Emirates,777,16,0.928,0.924,0.962,0.96,0.927,0.905,0.854,0.909,0.921,0.986,0.832,0.899,0.843,0.94
Emirates,777,17,0.983,0.961,0.965,0.947,0.945,0.849,0.911,0.885,0.891,0.913,0.916,0.934,0.823,0.94
Emirates,777,18,0.946,0.945,0.957,0.999,0.94,0.903,0.926,0.891,0.93,0.879,0.917,0.963,0.884,0.94
Emirates,777,19,0.984,0.918,0.962,0.997,0.945,0.927,0.84,0.846,0.9,0.948,0.901,0.933,0.854,0.94
Emirates,777,20,0.962,0.911,0.939,0.995,0.959,0.936,0.854,0.864,0.945,0.857,0.837,0.946,0.894,0.94
Emirates,777,21,0.917,0.941,0.942,1.0,0.945,0.885,0.833,0.838,0.875,0.83,0.854,0.844,0.828,0.94
Emirates,777,22,0.929,0.927,0.936,0.933,0.97,0.899,0.847,0.856,0.956,0.888,0.907,0.809,0.857,0.94
Emirates,777,23,0.917,0.929,0.957,0.95,0.97,0.874,0.877,0.823,0.891,0.895,0.909,0.896,0.948,0.94
Emirates,777,24,0.952,0.929,0.895,1.0,0.953,0.871,0.9,0.907,0.904,0.83,0.905,0.878,0.839,0.94
Emirates,777,25,0.981,0.887,0.961,0.984,1.0,0.908,0.798,0.845,0.902,0.892,0.924,0.831,0.868,0.94
Emirates,777,26,0.979,0.979,0.987,0.958,0.982,0.943,0.896,0.892,0.929,0.852,0.839,0.934,0.868,0.94
Emirates,777,27,0.959,0.926,0.942,0.977,0.94,0.902,0.867,0.868,0.874,0.908,0.956,0.879,0.923,0.94
Emirates,777,28,0.978,0.874,0.935,0.951,0.976,0.905,0.874,0.889,0.869,0.854,0.847,0.894,0.876,0.94
Emirates,777,29,0.963,0.922,0.968,0.998,0.991,0.918,0.866,0.89,0.921,0.857,0.935,0.96,0.949,0.94
Emirates,777,30,0.961,0.948,0.958,0.97,0.972,0.897,0.854,0.923,0.906,0.882,0.921,0.905,0.89,0.94
Emirates,777,31,0.959,0.909,0.949,0.936,0.964,0.87,0.888,0.892,0.91,0.876,0.905,0.831,0.842,0.94
Emirates,777,32,0.957,0.949,0.948,0.94,0.963,0.889,0.828,0.88,0.893,0.922,0.913,0.926,0.891,0.94
Emirates,777,33,0.943,0.917,0.921,1.0,0.938,0.895,0.849,0.862,0.88,0.815,0.855,0.851,0.876,0.94
Emirates,777,34,0.946,0.923,0.954,0.953,0.979,0.89,0.867,0.83,0.923,0.866,0.904,0.912,0.874,0.94
Emirates,777,35,0.964,0.93,0.977,0.998,0.97,0.87,0.827,0.85,0.891,0.896,0.859,0.941,0.88,0.94
Emirates,777,36,0.92,0.928,0.898,0.947,0.949,0.885,0.85,0.858,0.879,0.933,0.933,0.86,0.924,0.94
Emirates,777,37,0.928,0.92,0.981,0.903,0.971,0.869,0.856,0.865,0.959,0.852,0.888,0.922,0.871,0.94
Emirates,777,38,0.944,0.939,0.952,0.997,0.941,0.889,0.87,0.865,0.894,0.879,0.866,0.872,0.895,0.94
Emirates,777,39,0.938,0.969,0.954,0.932,0.966,0.904,0.883,0.905,0.887,0.855,0.869,0.866,0.854,0.94
Emirates,777,40,0.966,0.94,0.94,0.948,0.967,0.887,0.829,0.865,0.891,0.843,0.919,0.93,0.881,0.94
Emirates,777,41,0.963,0.953,0.949,0.997,0.993,0.902,0.873,0.896,0.888,0.841,0.922,0.845,0.943,0.94
Emirates,777,42,0.977,0.945,0.951,1.0,0.941,0.871,0.842,0.862,0.865,0.885,0.895,0.872,0.936,0.94
Emirates,777,43,0.932,0.908,0.958,0.964,0.968,0.885,0.829,0.851,0.876,0.898,0.873,0.927,0.901,0.94
Emirates,777,44,0.981,0.963,0.966,0.993,0.95,0.893,0.805,0.879,0.876,0.894,0.908,0.853,0.845,0.94
Emirates,777,45,0.953,0.927,0.953,0.935,0.961,0.858,0.795,0.891,0.854,0.86,0.84,0.851,0.866,0.94
Emirates,777,46,0.952,0.965,0.959,0.962,0.975,0.928,0.872,0.858,0.936,0.942,0.913,0.962,0.912,0.94
Emirates,777,47,0.977,0.913,0.928,0.969,0.927,0.885,0.886,0.85,0.919,0.833,0.873,0.936,0.887,0.94
Emirates,777,48,0.966,0.983,0.976,0.944,0.986,0.885,0.859,0.87,0.938,0.84,0.906,0.918,0.908,0.94
Emirates,777,49,0.956,0.965,0.936,1.0,0.967,0.865,0.872,0.875,0.888,0.854,0.882,0.85,0.939,0.94
Emirates,777,50,0.937,0.923,0.973,0.988,0.974,0.938,0.851,0.839,0.93,0.908,0.879,0.856,0.923,0.94
Emirates,A350,1,0.972,0.906,0.966,0.927,0.95,0.872,0.951,0.935,0.959,0.995,1.0,1.0,1.0,0.98
Emirates,A350,2,0.953,0.942,0.961,1.0,0.978,0.935,1.0,0.992,0.918,1.0,0.997,0.992,0.962,0.98
Emirates,A350,3,0.951,0.95,0.967,0.925,0.964,0.886,0.941,0.972,0.968,0.947,0.963,1.0,0.98,0.98
Emirates,A350,4,0.938,0.919,0.946,0.982,0.939,0.912,0.945,1.0,0.947,0.942,0.997,0.958,1.0,0.98
Emirates,A350,5,0.996,0.93,0.953,0.954,0.96,0.936,0.997,0.933,1.0,1.0,1.0,0.967,0.982,0.98
Emirates,A350,6,0.944,0.952,0.944,0.903,0.979,0.905,1.0,0.956,0.987,1.0,1.0,1.0,1.0,0.98
Emirates,A350,7,0.957,0.944,0.985,0.946,0.939,0.864,0.986,0.979,1.0,0.923,1.0,1.0,0.977,0.98
Emirates,A350,8,0.961,0.957,0.957,0.989,0.938,0.896,0.934,0.979,0.999,0.967,1.0,0.936,1.0,0.98
Emirates,A350,9,0.951,0.943,0.972,0.947,0.984,0.903,0.971,0.977,0.936,0.991,0.992,1.0,0.972,0.98
Emirates,A350,10,0.953,0.949,0.949,0.935,0.956,0.932,0.967,0.934,1.0,0.905,0.916,0.99,0.986,0.98
Emirates,A350,11,0.964,0.918,0.947,0.928,0.964,0.86,0.966,0.968,0.919,0.952,1.0,1.0,0.927,0.98
Emirates,A350,12,0.967,0.909,0.923,1.0,0.973,0.88,0.977,0.979,0.986,1.0,1.0,0.885,0.97,0.98
Emirates,A350,13,0.945,0.935,0.95,0.95,0.938,0.934,0.988,0.94,1.0,0.994,1.0,0.953,1.0,0.98
Emirates,A350,14,0.948,0.969,0.946,0.902,0.961,0.855,0.963,0.958,0.966,0.918,0.951,0.96,0.971,0.98
Emirates,A350,15,0.986,0.958,0.941,1.0,0.933,0.917,0.965,0.967,1.0,0.946,1.0,0.99,1.0,0.98
Emirates,A350,16,0.954,0.972,0.963,0.935,0.987,0.873,0.903,0.986,1.0,0.972,0.981,1.0,1.0,0.98
Emirates,A350,17,0.947,0.958,0.925,0.953,0.939,0.845,0.935,0.997,0.942,0.951,0.949,1.0,0.98,0.98
Emirates,A350,18,0.97,0.937,0.927,0.941,0.977,0.899,0.993,0.865,1.0,0.953,1.0,0.972,0.981,0.98
Emirates,A350,19,0.973,0.918,0.967,0.951,0.986,0.92,0.985,0.938,0.973,0.98,0.919,0.971,1.0,0.98
Emirates,A350,20,0.935,0.972,0.937,0.98,0.937,0.912,0.984,0.994,1.0,1.0,0.997,0.947,1.0,0.98
Emirates,A350,21,0.934,0.929,0.965,0.983,0.992,0.9,0.919,0.952,0.986,0.958,1.0,0.981,0.93,0.98
Emirates,A350,22,0.969,0.911,0.984,0.978,0.932,0.927,1.0,0.9,1.0,0.987,0.996,1.0,0.997,0.98
Emirates,A350,23,0.946,0.975,0.923,1.0,0.991,0.87,0.97,1.0,0.963,0.964,0.976,1.0,0.959,0.98
Emirates,A350,24,0.96,0.954,0.946,0.944,0.933,0.862,0.935,0.908,0.955,0.981,0.992,0.961,0.944,0.98
Emirates,A350,25,0.94,0.905,0.925,0.991,0.932,0.9,0.951,1.0,0.917,0.977,0.978,0.963,0.991,0.98
Emirates,A350,26,0.963,0.913,0.959,0.982,0.986,0.885,1.0,0.954,0.911,0.988,0.987,0.959,1.0,0.98
Emirates,A350,27,0.951,0.965,0.948,0.993,0.974,0.912,0.939,0.988,0.981,1.0,1.0,1.0,0.953,0.98
Emirates,A350,28,0.952,0.942,0.927,0.935,0.958,0.898,0.976,0.994,0.966,0.994,0.985,0.983,0.989,0.98
Emirates,A350,29,0.919,0.942,0.937,0.942,0.922,0.889,0.914,0.986,0.972,0.911,0.966,1.0,0.959,0.98
Emirates,A350,30,0.954,0.931,0.947,0.919,0.959,0.886,1.0,0.954,0.964,1.0,0.985,0.999,0.949,0.98
Emirates,A350,31,0.991,0.924,0.958,1.0,0.954,0.9,0.988,0.98,0.942,0.976,0.957,0.964,0.957,0.98
Emirates,A350,32,0.984,0.98,1.0,0.968,0.943,0.876,1.0,0.914,0.969,0.95,1.0,0.955,1.0,0.98
Emirates,A350,33,0.986,0.936,0.959,0.924,0.958,0.895,0.893,0.972,0.992,0.911,0.941,0.964,0.961,0.98
Emirates,A350,34,0.954,0.916,0.93,0.979,0.95,0.897,0.963,0.974,0.975,1.0,0.994,1.0,1.0,0.98
Emirates,A350,35,0.931,0.963,0.986,0.941,0.959,0.891,0.983,0.976,0.957,1.0,0.96,0.985,1.0,0.98
Emirates,A350,36,0.999,0.927,0.966,0.977,0.928,0.876,0.934,0.945,0.965,0.971,1.0,1.0,1.0,0.98
Emirates,A350,37,0.955,0.96,0.958,1.0,0.952,0.921,1.0,0.938,0.977,0.988,0.975,0.959,1.0,0.98
Emirates,A350,38,0.955,0.983,0.94,0.964,0.976,0.895,0.943,0.938,0.99,0.947,0.993,0.911,0.96,0.98
Emirates,A350,39,0.956,0.927,0.93,0.943,0.961,0.937,0.928,0.952,1.0,0.982,0.987,0.974,0.98,0.98
Emirates,A350,40,0.958,0.885,0.936,0.912,0.986,0.921,0.946,0.984,1.0,0.948,1.0,1.0,0.972,0.98
Emirates,A350,41,0.938,0.926,0.942,0.901,0.971,0.892,0.984,0.947,1.0,0.912,0.957,1.0,1.0,0.98
Emirates,A350,42,0.94,0.986,0.932,1.0,0.962,0.956,1.0,0.941,1.0,0.931,0.979,1.0,0.954,0.98
Emirates,A350,43,0.947,0.943,0.959,0.982,0.945,0.905,0.989,1.0,0.991,0.926,0.991,0.968,1.0,0.98
Emirates,A350,44,0.926,0.954,0.929,1.0,0.975,0.905,0.985,0.95,1.0,0.968,1.0,0.992,0.893,0.98
Emirates,A350,45,0.95,0.978,0.979,0.973,0.957,0.892,0.989,0.977,0.946,0.993,1.0,0.957,0.973,0.98
Emirates,A350,46,0.969,0.958,0.942,0.954,0.951,0.91,0.983,0.959,0.932,0.932,1.0,0.947,0.988,0.98
Emirates,A350,47,0.953,0.925,0.951,1.0,0.966,0.893,0.926,0.975,1.0,0.991,1.0,1.0,0.934,0.98
Emirates,A350,48,0.959,0.953,0.964,0.955,0.959,0.909,1.0,0.99,1.0,0.984,0.954,0.951,0.977,0.98
Emirates,A350,49,0.981,0.95,0.961,0.925,0.931,0.928,0.969,0.921,1.0,0.979,1.0,1.0,0.992,0.98
Emirates,A350,50,0.957,0.946,0.948,0.927,0.979,0.907,0.887,0.941,0.951,1.0,0.988,1.0,0.924,0.98
Air India,787,1,0.598,0.597,0.577,0.418,0.489,0.561,0.466,0.454,0.244,0.29,0.25,0.253,0.329,0.35
Air India,787,2,0.622,0.556,0.568,0.395,0.493,0.58,0.478,0.409,0.381,0.297,0.233,0.263,0.266,0.35
Air India,787,3,0.624,0.518,0.604,0.452,0.504,0.584,0.412,0.393,0.355,0.317,0.229,0.265,0.314,0.35
Air India,787,4,0.659,0.598,0.598,0.437,0.536,0.577,0.424,0.383,0.27,0.287,0.277,0.282,0.34,0.35
Air India,787,5,0.623,0.591,0.635,0.477,0.532,0.542,0.428,0.397,0.206,0.303,0.299,0.231,0.307,0.35
Air India,787,6,0.603,0.558,0.596,0.414,0.523,0.532,0.46,0.405,0.352,0.327,0.177,0.165,0.265,0.35
Air India,787,7,0.61,0.565,0.591,0.47,0.473,0.535,0.458,0.409,0.296,0.278,0.244,0.302,0.243,0.35
Air India,787,8,0.595,0.586,0.621,0.444,0.475,0.53,0.458,0.383,0.376,0.382,0.258,0.267,0.296,0.35
Air India,787,9,0.643,0.57,0.591,0.491,0.513,0.633,0.401,0.403,0.268,0.329,0.233,0.271,0.259,0.35
Air India,787,10,0.618,0.627,0.623,0.394,0.507,0.601,0.435,0.387,0.323,0.304,0.269,0.244,0.382,0.35
Air India,787,11,0.602,0.558,0.6,0.472,0.472,0.612,0.406,0.42,0.289,0.275,0.29,0.168,0.274,0.35
Air India,787,12,0.602,0.592,0.621,0.473,0.528,0.524,0.455,0.379,0.287,0.309,0.253,0.298,0.231,0.35
Air India,787,13,0.603,0.533,0.557,0.48,0.504,0.619,0.486,0.422,0.266,0.335,0.226,0.208,0.26,0.35
Air India,787,14,0.622,0.602,0.591,0.487,0.502,0.569,0.532,0.475,0.307,0.271,0.194,0.264,0.291,0.35
Air India,787,15,0.629,0.578,0.599,0.484,0.506,0.562,0.427,0.437,0.262,0.325,0.275,0.248,0.273,0.35
Air India,787,16,0.584,0.542,0.557,0.451,0.491,0.557,0.476,0.424,0.302,0.32,0.286,0.194,0.325,0.35
Air India,787,17,0.584,0.55,0.61,0.471,0.513,0.585,0.492,0.374,0.289,0.302,0.321,0.286,0.336,0.35
Air India,787,18,0.605,0.626,0.599,0.42,0.547,0.544,0.424,0.413,0.266,0.318,0.26,0.254,0.366,0.35
Air India,787,19,0.587,0.604,0.574,0.494,0.538,0.638,0.444,0.385,0.311,0.298,0.188,0.276,0.268,0.35
Air India,787,20,0.649,0.594,0.584,0.451,0.495,0.569,0.543,0.392,0.302,0.335,0.237,0.228,0.253,0.35
Air India,787,21,0.644,0.588,0.599,0.405,0.51,0.587,0.44,0.379,0.298,0.27,0.253,0.252,0.288,0.35
Air India,787,22,0.638,0.568,0.601,0.463,0.52,0.556,0.44,0.448,0.305,0.339,0.276,0.234,0.331,0.35
Air India,787,23,0.615,0.594,0.627,0.483,0.546,0.541,0.434,0.412,0.286,0.313,0.237,0.289,0.334,0.35
Air India,787,24,0.628,0.545,0.601,0.47,0.507,0.581,0.492,0.404,0.287,0.323,0.269,0.28,0.29,0.35
Air India,787,25,0.594,0.539,0.581,0.474,0.516,0.535,0.466,0.417,0.264,0.377,0.259,0.279,0.39,0.35
Air India,787,26,0.608,0.56,0.62,0.411,0.501,0.581,0.479,0.432,0.268,0.334,0.28,0.213,0.276,0.35
Air India,787,27,0.609,0.541,0.611,0.44,0.494,0.554,0.438,0.465,0.326,0.243,0.215,0.272,0.283,0.35
Air India,787,28,0.609,0.548,0.563,0.453,0.492,0.609,0.448,0.391,0.324,0.347,0.224,0.19,0.283,0.35
Air India,787,29,0.593,0.611,0.562,0.44,0.529,0.602,0.435,0.397,0.294,0.292,0.302,0.245,0.253,0.35
Air India,787,30,0.64,0.596,0.585,0.473,0.501,0.55,0.448,0.386,0.278,0.267,0.262,0.257,0.254,0.35
Air India,787,31,0.602,0.57,0.599,0.452,0.456,0.612,0.503,0.468,0.319,0.324,0.227,0.257,0.26,0.35
Air India,787,32,0.622,0.534,0.602,0.439,0.515,0.585,0.436,0.445,0.259,0.291,0.231,0.276,0.297,0.35
Air India,787,33,0.625,0.583,0.543,0.422,0.502,0.605,0.467,0.459,0.292,0.304,0.233,0.235,0.271,0.35
Air India,787,34,0.609,0.565,0.577,0.451,0.464,0.591,0.455,0.433,0.284,0.282,0.284,0.245,0.37,0.35
Air India,787,35,0.592,0.564,0.567,0.426,0.484,0.568,0.473,0.386,0.321,0.25,0.236,0.296,0.316,0.35
Air India,787,36,0.625,0.586,0.602,0.469,0.528,0.554,0.448,0.439,0.326,0.32,0.296,0.232,0.253,0.35
Air India,787,37,0.645,0.57,0.579,0.451,0.491,0.605,0.477,0.429,0.319,0.301,0.286,0.167,0.259,0.35
Air India,787,38,0.619,0.56,0.571,0.469,0.48,0.585,0.454,0.422,0.271,0.293,0.293,0.269,0.334,0.35
Air India,787,39,0.618,0.527,0.581,0.445,0.526,0.608,0.463,0.394,0.304,0.291,0.241,0.207,0.316,0.35
Air India,787,40,0.619,0.59,0.561,0.416,0.573,0.558,0.459,0.433,0.266,0.36,0.248,0.255,0.364,0.35
Air India,787,41,0.604,0.558,0.583,0.409,0.506,0.592,0.455,0.44,0.33,0.312,0.242,0.293,0.276,0.35
Air India,787,42,0.648,0.565,0.605,0.505,0.455,0.575,0.438,0.471,0.286,0.396,0.197,0.262,0.286,0.35
Air India,787,43,0.63,0.556,0.581,0.395,0.502,0.543,0.411,0.423,0.296,0.336,0.203,0.265,0.311,0.35
Air India,787,44,0.614,0.55,0.588,0.477,0.493,0.601,0.442,0.472,0.301,0.294,0.194,0.2,0.313,0.35
Air India,787,45,0.615,0.577,0.576,0.445,0.488,0.587,0.443,0.476,0.276,0.339,0.213,0.234,0.271,0.35
Air India,787,46,0.645,0.581,0.593,0.457,0.478,0.615,0.492,0.419,0.3,0.323,0.244,0.243,0.283,0.35
Air India,787,47,0.613,0.558,0.605,0.44,0.491,0.564,0.405,0.467,0.318,0.33,0.231,0.301,0.305,0.35
Air India,787,48,0.649,0.57,0.589,0.434,0.502,0.586,0.495,0.466,0.303,0.343,0.155,0.234,0.309,0.35
Air India,787,49,0.638,0.581,0.589,0.436,0.484,0.628,0.484,0.459,0.3,0.281,0.269,0.249,0.296,0.35
Air India,787,50,0.62,0.554,0.573,0.443,0.472,0.595,0.475,0.397,0.236,0.314,0.258,0.251,0.253,0.35
Air India,777,1,0.582,0.613,0.586,0.465,0.499,0.59,0.482,0.487,0.403,0.422,0.375,0.337,0.404,0.4
Air India,777,2,0.606,0.54,0.587,0.45,0.483,0.63,0.542,0.534,0.439,0.491,0.427,0.364,0.396,0.4
Air India,777,3,0.678,0.56,0.6,0.444,0.517,0.555,0.49,0.534,0.457,0.373,0.401,0.394,0.445,0.4
Air India,777,4,0.626,0.579,0.592,0.459,0.477,0.56,0.494,0.46,0.478,0.498,0.421,0.379,0.401,0.4
Air India,777,5,0.611,0.598,0.601,0.502,0.481,0.574,0.482,0.457,0.445,0.448,0.382,0.346,0.427,0.4
Air India,777,6,0.614,0.593,0.601,0.411,0.508,0.565,0.566,0.499,0.432,0.446,0.347,0.445,0.494,0.4
Air India,777,7,0.585,0.564,0.588,0.432,0.524,0.611,0.513,0.562,0.451,0.452,0.41,0.374,0.471,0.4
Air India,777,8,0.632,0.561,0.586,0.423,0.505,0.548,0.52,0.484,0.47,0.496,0.428,0.396,0.395,0.4
Air India,777,9,0.614,0.57,0.6,0.433,0.481,0.584,0.561,0.556,0.478,0.425,0.449,0.37,0.393,0.4
Air India,777,10,0.629,0.535,0.606,0.448,0.508,0.559,0.545,0.515,0.437,0.493,0.307,0.413,0.416,0.4
Air India,777,11,0.604,0.574,0.6,0.428,0.498,0.579,0.532,0.537,0.434,0.506,0.354,0.411,0.36,0.4
Air India,777,12,0.621,0.588,0.63,0.451,0.485,0.606,0.521,0.503,0.482,0.498,0.339,0.402,0.419,0.4
Air India,777,13,0.599,0.529,0.589,0.436,0.486,0.577,0.509,0.501,0.505,0.459,0.466,0.444,0.454,0.4
Air India,777,14,0.605,0.563,0.572,0.462,0.499,0.591,0.529,0.505,0.438,0.426,0.385,0.425,0.414,0.4
Air India,777,15,0.619,0.592,0.6,0.406,0.498,0.558,0.518,0.512,0.468,0.518,0.382,0.39,0.44,0.4
Air India,777,16,0.639,0.544,0.604,0.47,0.497,0.573,0.542,0.513,0.464,0.434,0.34,0.397,0.411,0.4
Air India,777,17,0.629,0.551,0.603,0.462,0.485,0.604,0.51,0.479,0.459,0.459,0.368,0.422,0.42,0.4
Air India,777,18,0.605,0.526,0.599,0.453,0.502,0.614,0.445,0.538,0.498,0.426,0.436,0.372,0.384,0.4
Air India,777,19,0.618,0.616,0.597,0.451,0.518,0.564,0.565,0.547,0.465,0.432,0.438,0.41,0.443,0.4
Air India,777,20,0.643,0.581,0.572,0.495,0.506,0.588,0.538,0.509,0.476,0.467,0.394,0.381,0.402,0.4
Air India,777,21,0.614,0.595,0.583,0.447,0.498,0.593,0.539,0.559,0.401,0.452,0.42,0.341,0.481,0.4
Air India,777,22,0.618,0.55,0.609,0.384,0.504,0.555,0.52,0.511,0.478,0.474,0.473,0.402,0.408,0.4
Air India,777,23,0.645,0.568,0.598,0.332,0.509,0.578,0.507,0.48,0.482,0.389,0.51,0.44,0.433,0.4
Air India,777,24,0.658,0.577,0.572,0.481,0.467,0.595,0.556,0.516,0.399,0.467,0.396,0.374,0.339,0.4
Air India,777,25,0.596,0.557,0.613,0.533,0.517,0.56,0.507,0.532,0.471,0.474,0.408,0.442,0.498,0.4
Air India,777,26,0.62,0.574,0.6,0.436,0.456,0.592,0.498,0.539,0.456,0.512,0.37,0.44,0.363,0.4
Air India,777,27,0.639,0.564,0.609,0.439,0.514,0.593,0.531,0.513,0.509,0.44,0.449,0.388,0.462,0.4
Air India,777,28,0.667,0.55,0.547,0.455,0.486,0.567,0.51,0.484,0.5,0.499,0.441,0.481,0.393,0.4
Air India,777,29,0.57,0.621,0.595,0.448,0.464,0.546,0.541,0.496,0.375,0.427,0.437,0.445,0.427,0.4
Air India,777,30,0.677,0.596,0.626,0.49,0.517,0.547,0.472,0.478,0.459,0.46,0.413,0.399,0.437,0.4
Air India,777,31,0.64,0.57,0.584,0.371,0.517,0.561,0.493,0.526,0.482,0.484,0.433,0.362,0.412,0.4
Air India,777,32,0.609,0.613,0.607,0.443,0.517,0.589,0.516,0.514,0.48,0.455,0.356,0.412,0.411,0.4
Air India,777,33,0.597,0.551,0.585,0.451,0.511,0.575,0.533,0.489,0.469,0.474,0.42,0.45,0.41,0.4
Air India,777,34,0.588,0.568,0.606,0.451,0.506,0.537,0.495,0.516,0.477,0.434,0.413,0.375,0.38,0.4
Air India,777,35,0.621,0.575,0.598,0.472,0.534,0.604,0.509,0.528,0.399,0.464,0.437,0.424,0.449,0.4
Air India,777,36,0.658,0.551,0.606,0.447,0.522,0.583,0.543,0.546,0.472,0.453,0.387,0.376,0.456,0.4
Air India,777,37,0.646,0.564,0.554,0.431,0.509,0.556,0.461,0.487,0.379,0.471,0.386,0.402,0.465,0.4
Air India,777,38,0.602,0.516,0.589,0.464,0.471,0.571,0.51,0.501,0.428,0.553,0.391,0.407,0.403,0.4
Air India,777,39,0.567,0.605,0.527,0.491,0.474,0.546,0.517,0.566,0.461,0.453,0.373,0.423,0.407,0.4
Air India,777,40,0.634,0.521,0.601,0.46,0.473,0.554,0.516,0.485,0.46,0.41,0.369,0.474,0.391,0.4
Air India,777,41,0.611,0.566,0.584,0.486,0.489,0.601,0.494,0.523,0.443,0.454,0.397,0.419,0.378,0.4
Air India,777,42,0.601,0.621,0.6,0.439,0.513,0.578,0.452,0.505,0.446,0.472,0.373,0.392,0.46,0.4
Air India,777,43,0.617,0.559,0.597,0.438,0.521,0.576,0.531,0.479,0.406,0.485,0.409,0.422,0.446,0.4
Air India,777,44,0.591,0.573,0.55,0.466,0.478,0.592,0.542,0.484,0.449,0.503,0.342,0.423,0.424,0.4
Air India,777,45,0.639,0.529,0.59,0.483,0.527,0.561,0.512,0.555,0.4,0.458,0.406,0.406,0.387,0.4
Air India,777,46,0.639,0.592,0.626,0.426,0.49,0.607,0.574,0.5,0.397,0.452,0.434,0.424,0.459,0.4
Air India,777,47,0.658,0.559,0.572,0.414,0.498,0.605,0.572,0.507,0.451,0.455,0.443,0.373,0.416,0.4
Air India,777,48,0.618,0.569,0.626,0.423,0.549,0.564,0.495,0.48,0.473,0.46,0.439,0.371,0.361,0.4
Air India,777,49,0.613,0.577,0.561,0.447,0.511,0.56,0.495,0.467,0.445,0.476,0.496,0.441,0.376,0.4
Air India,777,50,0.589,0.567,0.621,0.47,0.489,0.605,0.561,0.544,0.413,0.475,0.355,0.372,0.375,0.4
Air India,A350,1,0.615,0.534,0.605,0.45,0.483,0.592,0.666,0.61,0.56,0.58,0.546,0.525,0.51,0.45
Air India,A350,2,0.612,0.601,0.573,0.392,0.498,0.608,0.568,0.606,0.594,0.609,0.569,0.571,0.515,0.45
Air India,A350,3,0.632,0.604,0.586,0.461,0.48,0.613,0.601,0.649,0.567,0.614,0.531,0.616,0.501,0.45
Air India,A350,4,0.627,0.518,0.566,0.507,0.518,0.53,0.62,0.581,0.6,0.655,0.573,0.565,0.588,0.45
Air India,A350,5,0.598,0.588,0.608,0.432,0.487,0.616,0.626,0.566,0.565,0.574,0.548,0.547,0.561,0.45
Air India,A350,6,0.653,0.591,0.62,0.399,0.502,0.609,0.642,0.58,0.554,0.624,0.543,0.573,0.575,0.45
Air India,A350,7,0.618,0.573,0.573,0.501,0.511,0.615,0.604,0.584,0.569,0.56,0.574,0.575,0.552,0.45
Air India,A350,8,0.614,0.579,0.575,0.438,0.531,0.561,0.604,0.675,0.506,0.549,0.613,0.536,0.587,0.45
Air India,A350,9,0.662,0.552,0.578,0.462,0.498,0.567,0.616,0.56,0.596,0.619,0.544,0.542,0.589,0.45
Air India,A350,10,0.609,0.562,0.589,0.494,0.499,0.577,0.615,0.588,0.546,0.558,0.58,0.53,0.573,0.45
Air India,A350,11,0.61,0.537,0.581,0.492,0.492,0.563,0.607,0.59,0.588,0.576,0.547,0.533,0.583,0.45
Air India,A350,12,0.626,0.575,0.603,0.447,0.524,0.592,0.665,0.598,0.59,0.566,0.551,0.579,0.557,0.45
Air India,A350,13,0.65,0.571,0.622,0.419,0.494,0.568,0.65,0.619,0.577,0.574,0.549,0.575,0.599,0.45
Air India,A350,14,0.619,0.559,0.592,0.454,0.505,0.569,0.672,0.581,0.633,0.639,0.583,0.616,0.589,0.45
Air India,A350,15,0.614,0.557,0.577,0.475,0.47,0.544,0.666,0.63,0.595,0.622,0.577,0.543,0.519,0.45
Air India,A350,16,0.646,0.581,0.562,0.454,0.491,0.577,0.61,0.617,0.573,0.55,0.574,0.567,0.52,0.45
Air India,A350,17,0.628,0.592,0.587,0.456,0.485,0.536,0.636,0.597,0.595,0.582,0.541,0.556,0.568,0.45
Air India,A350,18,0.637,0.559,0.561,0.454,0.474,0.517,0.587,0.587,0.552,0.536,0.542,0.593,0.599,0.45
Air India,A350,19,0.62,0.593,0.581,0.424,0.514,0.553,0.63,0.599,0.567,0.574,0.59,0.494,0.579,0.45
Air India,A350,20,0.614,0.551,0.591,0.459,0.499,0.586,0.662,0.582,0.595,0.529,0.566,0.485,0.592,0.45
Air India,A350,21,0.61,0.574,0.561,0.451,0.516,0.595,0.619,0.6,0.62,0.616,0.528,0.53,0.546,0.45
Air India,A350,22,0.619,0.541,0.547,0.443,0.505,0.585,0.653,0.561,0.562,0.54,0.559,0.546,0.553,0.45
Air India,A350,23,0.621,0.552,0.57,0.497,0.516,0.575,0.574,0.594,0.6,0.596,0.585,0.593,0.567,0.45
Air India,A350,24,0.611,0.558,0.582,0.477,0.492,0.538,0.634,0.597,0.564,0.521,0.591,0.574,0.53,0.45
Air India,A350,25,0.623,0.543,0.563,0.387,0.516,0.602,0.611,0.598,0.641,0.564,0.509,0.554,0.589,0.45
Air India,A350,26,0.614,0.534,0.575,0.471,0.514,0.538,0.583,0.57,0.579,0.667,0.54,0.552,0.542,0.45
Air India,A350,27,0.672,0.555,0.58,0.455,0.474,0.6,0.62,0.575,0.559,0.524,0.531,0.47,0.554,0.45
Air India,A350,28,0.61,0.555,0.578,0.425,0.525,0.616,0.615,0.634,0.569,0.579,0.521,0.574,0.592,0.45
Air India,A350,29,0.594,0.574,0.58,0.423,0.499,0.532,0.607,0.657,0.595,0.55,0.569,0.553,0.559,0.45
Air India,A350,30,0.608,0.57,0.578,0.445,0.515,0.6,0.581,0.586,0.636,0.653,0.563,0.606,0.612,0.45
Air India,A350,31,0.617,0.52,0.589,0.412,0.503,0.624,0.627,0.576,0.539,0.521,0.483,0.607,0.6,0.45
Air India,A350,32,0.617,0.566,0.589,0.45,0.528,0.59,0.561,0.632,0.512,0.576,0.501,0.551,0.526,0.45
Air India,A350,33,0.592,0.544,0.606,0.444,0.513,0.614,0.627,0.617,0.546,0.587,0.51,0.569,0.602,0.45
Air India,A350,34,0.639,0.569,0.608,0.446,0.489,0.593,0.642,0.666,0.606,0.551,0.516,0.504,0.573,0.45
Air India,A350,35,0.598,0.604,0.584,0.469,0.503,0.589,0.589,0.599,0.565,0.586,0.554,0.574,0.554,0.45
Air India,A350,36,0.636,0.578,0.623,0.351,0.487,0.611,0.544,0.645,0.583,0.519,0.575,0.513,0.538,0.45
Air India,A350,37,0.649,0.56,0.571,0.51,0.519,0.572,0.596,0.594,0.635,0.556,0.505,0.595,0.56,0.45
Air India,A350,38,0.622,0.583,0.582,0.377,0.496,0.611,0.685,0.596,0.579,0.638,0.571,0.56,0.501,0.45
Air India,A350,39,0.612,0.575,0.56,0.439,0.534,0.574,0.577,0.543,0.58,0.57,0.52,0.558,0.58,0.45
Air India,A350,40,0.623,0.579,0.565,0.431,0.493,0.579,0.65,0.578,0.553,0.642,0.556,0.501,0.559,0.45
Air India,A350,41,0.595,0.542,0.563,0.426,0.541,0.605,0.661,0.633,0.575,0.604,0.554,0.513,0.529,0.45
Air India,A350,42,0.638,0.54,0.594,0.47,0.515,0.589,0.584,0.616,0.575,0.556,0.48,0.566,0.516,0.45
Air India,A350,43,0.586,0.614,0.566,0.437,0.501,0.582,0.589,0.579,0.608,0.58,0.549,0.474,0.55,0.45
Air India,A350,44,0.637,0.552,0.571,0.461,0.512,0.588,0.603,0.622,0.637,0.631,0.495,0.653,0.524,0.45
Air India,A350,45,0.595,0.578,0.588,0.461,0.526,0.603,0.593,0.602,0.615,0.627,0.589,0.579,0.595,0.45
Air India,A350,46,0.61,0.537,0.598,0.436,0.525,0.558,0.609,0.587,0.614,0.616,0.551,0.56,0.627,0.45
Air India,A350,47,0.585,0.589,0.612,0.486,0.516,0.561,0.604,0.62,0.559,0.583,0.497,0.508,0.582,0.45
Air India,A350,48,0.611,0.551,0.586,0.459,0.495,0.584,0.623,0.592,0.58,0.559,0.532,0.486,0.529,0.45
Air India,A350,49,0.596,0.56,0.613,0.45,0.503,0.556,0.629,0.651,0.577,0.561,0.509,0.559,0.537,0.45
Air India,A350,50,0.634,0.545,0.557,0.464,0.474,0.595,0.651,0.582,0.587,0.639,0.534,0.606,0.559,0.45
Air India,A320,1,0.601,0.572,0.595,0.484,0.518,0.589,0.6,0.565,0.548,0.512,0.462,0.507,0.614,0.42
Air India,A320,2,0.636,0.552,0.618,0.394,0.495,0.59,0.56,0.542,0.514,0.511,0.473,0.462,0.465,0.42
Air India,A320,3,0.601,0.567,0.61,0.43,0.476,0.62,0.546,0.563,0.487,0.505,0.514,0.516,0.564,0.42
Air India,A320,4,0.633,0.574,0.602,0.419,0.524,0.593,0.595,0.578,0.468,0.49,0.505,0.505,0.54,0.42
Air India,A320,5,0.622,0.565,0.615,0.46,0.515,0.61,0.618,0.57,0.545,0.539,0.538,0.58,0.483,0.42
Air India,A320,6,0.605,0.61,0.594,0.437,0.486,0.603,0.597,0.62,0.517,0.562,0.558,0.45,0.483,0.42
Air India,A320,7,0.625,0.556,0.582,0.43,0.497,0.557,0.542,0.572,0.524,0.564,0.518,0.515,0.546,0.42
Air India,A320,8,0.602,0.558,0.595,0.478,0.513,0.575,0.574,0.567,0.48,0.56,0.527,0.533,0.555,0.42
Air India,A320,9,0.64,0.523,0.595,0.407,0.481,0.577,0.615,0.57,0.528,0.592,0.508,0.467,0.471,0.42
Air India,A320,10,0.603,0.573,0.559,0.463,0.506,0.562,0.583,0.575,0.498,0.556,0.475,0.521,0.571,0.42
Air India,A320,11,0.626,0.538,0.592,0.452,0.483,0.549,0.569,0.586,0.549,0.572,0.498,0.569,0.49,0.42
Air India,A320,12,0.629,0.564,0.62,0.451,0.479,0.586,0.546,0.534,0.552,0.529,0.53,0.469,0.565,0.42
Air India,A320,13,0.616,0.521,0.572,0.408,0.471,0.593,0.591,0.578,0.494,0.549,0.449,0.483,0.514,0.42
Air India,A320,14,0.609,0.573,0.59,0.464,0.506,0.604,0.566,0.58,0.53,0.539,0.505,0.425,0.587,0.42
Air India,A320,15,0.602,0.55,0.584,0.411,0.535,0.565,0.559,0.535,0.535,0.579,0.51,0.473,0.566,0.42
Air India,A320,16,0.626,0.552,0.589,0.454,0.505,0.58,0.581,0.616,0.619,0.536,0.468,0.463,0.548,0.42
Air India,A320,17,0.588,0.565,0.598,0.455,0.492,0.626,0.604,0.546,0.547,0.524,0.482,0.486,0.561,0.42
Air India,A320,18,0.609,0.568,0.61,0.459,0.505,0.563,0.65,0.585,0.437,0.576,0.455,0.452,0.496,0.42
Air India,A320,19,0.645,0.563,0.594,0.4,0.522,0.573,0.541,0.57,0.537,0.533,0.545,0.52,0.573,0.42
Air India,A320,20,0.619,0.573,0.607,0.485,0.493,0.627,0.583,0.56,0.535,0.5,0.442,0.572,0.557,0.42
Air India,A320,21,0.602,0.573,0.602,0.435,0.529,0.568,0.61,0.541,0.538,0.584,0.517,0.483,0.528,0.42
Air India,A320,22,0.634,0.559,0.582,0.503,0.528,0.563,0.54,0.521,0.481,0.52,0.497,0.452,0.525,0.42
Air India,A320,23,0.562,0.573,0.622,0.414,0.442,0.584,0.601,0.548,0.528,0.575,0.559,0.521,0.477,0.42
Air India,A320,24,0.623,0.545,0.59,0.443,0.489,0.618,0.573,0.516,0.533,0.554,0.502,0.473,0.505,0.42
Air India,A320,25,0.608,0.557,0.576,0.443,0.473,0.586,0.557,0.586,0.533,0.583,0.452,0.549,0.516,0.42
Air India,A320,26,0.632,0.592,0.609,0.452,0.509,0.578,0.602,0.533,0.534,0.584,0.57,0.537,0.571,0.42
Air India,A320,27,0.63,0.596,0.629,0.448,0.468,0.576,0.586,0.535,0.478,0.513,0.457,0.532,0.58,0.42
Air India,A320,28,0.634,0.535,0.594,0.424,0.506,0.559,0.609,0.581,0.509,0.548,0.502,0.56,0.453,0.42
Air India,A320,29,0.628,0.601,0.583,0.435,0.504,0.557,0.564,0.529,0.514,0.457,0.479,0.52,0.507,0.42
Air India,A320,30,0.612,0.592,0.622,0.428,0.524,0.536,0.555,0.576,0.529,0.534,0.53,0.493,0.547,0.42
Air India,A320,31,0.61,0.554,0.553,0.47,0.483,0.605,0.61,0.553,0.523,0.537,0.493,0.449,0.571,0.42
Air India,A320,32,0.609,0.583,0.596,0.459,0.504,0.603,0.554,0.59,0.526,0.531,0.485,0.498,0.54,0.42
Air India,A320,33,0.597,0.527,0.585,0.471,0.494,0.614,0.619,0.602,0.571,0.539,0.52,0.476,0.426,0.42
Air India,A320,34,0.628,0.551,0.586,0.375,0.518,0.575,0.562,0.525,0.492,0.5,0.466,0.451,0.513,0.42
Air India,A320,35,0.613,0.591,0.555,0.437,0.482,0.589,0.578,0.585,0.584,0.53,0.519,0.474,0.516,0.42
Air India,A320,36,0.62,0.623,0.567,0.446,0.5,0.561,0.591,0.56,0.524,0.505,0.526,0.467,0.507,0.42
Air India,A320,37,0.637,0.605,0.575,0.469,0.498,0.606,0.583,0.611,0.574,0.496,0.489,0.474,0.517,0.42
Air India,A320,38,0.584,0.528,0.61,0.46,0.515,0.557,0.548,0.554,0.568,0.533,0.506,0.541,0.533,0.42
Air India,A320,39,0.624,0.581,0.586,0.497,0.498,0.562,0.6,0.588,0.503,0.555,0.538,0.383,0.46,0.42
Air India,A320,40,0.628,0.547,0.624,0.46,0.498,0.582,0.569,0.541,0.524,0.565,0.446,0.508,0.504,0.42
Air India,A320,41,0.622,0.551,0.593,0.418,0.5,0.573,0.53,0.573,0.422,0.517,0.448,0.509,0.508,0.42
Air India,A320,42,0.636,0.565,0.586,0.484,0.491,0.579,0.623,0.58,0.589,0.546,0.481,0.538,0.552,0.42
Air India,A320,43,0.615,0.584,0.588,0.465,0.501,0.577,0.631,0.574,0.473,0.537,0.49,0.511,0.528,0.42
Air India,A320,44,0.627,0.528,0.559,0.492,0.499,0.613,0.596,0.544,0.461,0.548,0.518,0.561,0.513,0.42
Air India,A320,45,0.622,0.525,0.578,0.457,0.493,0.558,0.623,0.608,0.483,0.533,0.485,0.552,0.528,0.42
Air India,A320,46,0.632,0.547,0.617,0.441,0.537,0.607,0.56,0.576,0.529,0.522,0.526,0.499,0.521,0.42
Air India,A320,47,0.607,0.551,0.592,0.455,0.522,0.546,0.583,0.608,0.496,0.493,0.468,0.528,0.476,0.42
Air India,A320,48,0.62,0.553,0.578,0.441,0.493,0.571,0.578,0.568,0.504,0.546,0.483,0.484,0.521,0.42
Air India,A320,49,0.586,0.549,0.577,0.419,0.495,0.562,0.553,0.59,0.593,0.565,0.51,0.539,0.531,0.42
Air India,A320,50,0.615,0.573,0.583,0.384,0.483,0.559,0.595,0.546,0.457,0.529,0.51,0.527,0.533,0.42
Indigo,A320,1,0.848,0.758,0.786,0.848,0.787,0.837,0.778,0.796,0.764,0.774,0.76,0.724,0.819,0.65
Indigo,A320,2,0.818,0.763,0.777,0.788,0.764,0.848,0.816,0.778,0.798,0.859,0.865,0.729,0.791,0.65
Indigo,A320,3,0.775,0.851,0.751,0.846,0.802,0.814,0.794,0.759,0.758,0.781,0.768,0.68,0.778,0.65
Indigo,A320,4,0.851,0.756,0.767,0.807,0.744,0.815,0.779,0.825,0.779,0.782,0.784,0.765,0.774,0.65
Indigo,A320,5,0.813,0.746,0.756,0.858,0.757,0.82,0.805,0.807,0.768,0.805,0.729,0.794,0.787,0.65
Indigo,A320,6,0.836,0.801,0.771,0.862,0.784,0.833,0.747,0.826,0.838,0.773,0.717,0.799,0.754,0.65
Indigo,A320,7,0.79,0.818,0.753,0.814,0.832,0.855,0.768,0.845,0.719,0.825,0.777,0.742,0.753,0.65
Indigo,A320,8,0.778,0.823,0.762,0.801,0.811,0.87,0.81,0.821,0.813,0.792,0.771,0.756,0.745,0.65
Indigo,A320,9,0.775,0.791,0.746,0.819,0.795,0.864,0.808,0.809,0.77,0.785,0.748,0.769,0.72,0.65
Indigo,A320,10,0.8,0.789,0.768,0.788,0.792,0.83,0.784,0.763,0.742,0.79,0.773,0.765,0.749,0.65
Indigo,A320,11,0.808,0.775,0.75,0.792,0.79,0.858,0.794,0.796,0.745,0.888,0.681,0.689,0.762,0.65
Indigo,A320,12,0.804,0.824,0.77,0.829,0.818,0.842,0.741,0.808,0.788,0.866,0.735,0.804,0.732,0.65
Indigo,A320,13,0.831,0.783,0.777,0.841,0.814,0.842,0.78,0.795,0.753,0.786,0.704,0.766,0.814,0.65
Indigo,A320,14,0.824,0.813,0.763,0.815,0.795,0.85,0.822,0.81,0.733,0.838,0.777,0.795,0.782,0.65
Indigo,A320,15,0.795,0.828,0.739,0.769,0.84,0.846,0.787,0.782,0.71,0.855,0.785,0.778,0.809,0.65
Indigo,A320,16,0.782,0.791,0.782,0.754,0.812,0.859,0.803,0.773,0.774,0.774,0.773,0.741,0.807,0.65
Indigo,A320,17,0.79,0.767,0.783,0.815,0.811,0.808,0.846,0.756,0.783,0.782,0.733,0.75,0.823,0.65
Indigo,A320,18,0.835,0.774,0.753,0.764,0.834,0.813,0.773,0.803,0.806,0.843,0.836,0.786,0.763,0.65
Indigo,A320,19,0.787,0.776,0.776,0.849,0.812,0.793,0.783,0.844,0.761,0.787,0.855,0.757,0.83,0.65
Indigo,A320,20,0.837,0.799,0.751,0.752,0.783,0.856,0.818,0.835,0.741,0.797,0.688,0.729,0.799,0.65
Indigo,A320,21,0.756,0.8,0.797,0.777,0.795,0.883,0.815,0.812,0.784,0.742,0.755,0.805,0.783,0.65
Indigo,A320,22,0.814,0.771,0.743,0.807,0.779,0.806,0.799,0.793,0.747,0.814,0.727,0.775,0.797,0.65
Indigo,A320,23,0.833,0.789,0.776,0.822,0.772,0.861,0.85,0.796,0.853,0.822,0.83,0.754,0.749,0.65
Indigo,A320,24,0.801,0.762,0.764,0.813,0.803,0.838,0.771,0.784,0.824,0.788,0.713,0.689,0.769,0.65
Indigo,A320,25,0.806,0.75,0.724,0.837,0.864,0.862,0.77,0.796,0.776,0.745,0.711,0.755,0.808,0.65
Indigo,A320,26,0.805,0.763,0.77,0.836,0.78,0.81,0.819,0.834,0.794,0.831,0.811,0.707,0.797,0.65
Indigo,A320,27,0.826,0.808,0.789,0.802,0.814,0.859,0.782,0.806,0.733,0.76,0.771,0.797,0.78,0.65
Indigo,A320,28,0.831,0.817,0.74,0.817,0.79,0.861,0.822,0.776,0.812,0.744,0.801,0.675,0.774,0.65
Indigo,A320,29,0.786,0.797,0.765,0.754,0.773,0.825,0.836,0.849,0.804,0.84,0.734,0.775,0.784,0.65
Indigo,A320,30,0.778,0.771,0.753,0.834,0.81,0.826,0.784,0.743,0.798,0.786,0.759,0.779,0.763,0.65
Indigo,A320,31,0.781,0.765,0.753,0.827,0.788,0.829,0.76,0.788,0.719,0.767,0.779,0.766,0.775,0.65
Indigo,A320,32,0.796,0.803,0.736,0.833,0.786,0.847,0.795,0.784,0.791,0.767,0.718,0.743,0.736,0.65
Indigo,A320,33,0.803,0.765,0.735,0.831,0.808,0.835,0.791,0.827,0.771,0.799,0.72,0.78,0.775,0.65
Indigo,A320,34,0.81,0.773,0.745,0.784,0.796,0.829,0.761,0.838,0.816,0.719,0.685,0.707,0.785,0.65
Indigo,A320,35,0.854,0.75,0.754,0.86,0.79,0.868,0.828,0.799,0.811,0.823,0.711,0.754,0.758,0.65
Indigo,A320,36,0.801,0.75,0.74,0.822,0.8,0.875,0.806,0.843,0.826,0.83,0.636,0.733,0.796,0.65
Indigo,A320,37,0.774,0.767,0.773,0.821,0.793,0.883,0.787,0.833,0.778,0.793,0.747,0.731,0.772,0.65
Indigo,A320,38,0.773,0.795,0.762,0.807,0.816,0.814,0.741,0.813,0.732,0.741,0.766,0.794,0.753,0.65
Indigo,A320,39,0.782,0.818,0.732,0.845,0.809,0.822,0.796,0.774,0.757,0.785,0.735,0.702,0.805,0.65
Indigo,A320,40,0.788,0.8,0.757,0.904,0.811,0.806,0.759,0.773,0.765,0.732,0.721,0.761,0.725,0.65
Indigo,A320,41,0.798,0.786,0.74,0.838,0.802,0.867,0.82,0.794,0.774,0.806,0.773,0.701,0.812,0.65
Indigo,A320,42,0.789,0.808,0.764,0.801,0.8,0.876,0.778,0.749,0.771,0.834,0.816,0.796,0.706,0.65
Indigo,A320,43,0.795,0.768,0.756,0.787,0.794,0.81,0.87,0.802,0.762,0.747,0.794,0.78,0.821,0.65
Indigo,A320,44,0.807,0.768,0.745,0.797,0.792,0.857,0.783,0.809,0.806,0.774,0.794,0.775,0.793,0.65
Indigo,A320,45,0.799,0.784,0.743,0.795,0.805,0.862,0.793,0.815,0.772,0.763,0.76,0.773,0.756,0.65
Indigo,A320,46,0.788,0.768,0.764,0.776,0.805,0.847,0.806,0.783,0.79,0.751,0.733,0.788,0.733,0.65
Indigo,A320,47,0.787,0.766,0.773,0.777,0.788,0.813,0.85,0.792,0.762,0.794,0.79,0.687,0.742,0.65
Indigo,A320,48,0.804,0.764,0.731,0.799,0.803,0.848,0.859,0.751,0.728,0.748,0.794,0.729,0.727,0.65
Indigo,A320,49,0.816,0.761,0.782,0.826,0.787,0.862,0.824,0.845,0.766,0.779,0.812,0.799,0.789,0.65
Indigo,A320,50,0.783,0.754,0.731,0.79,0.796,0.81,0.822,0.723,0.752,0.766,0.781,0.778,0.737,0.65
Indigo,777,1,0.805,0.754,0.766,0.783,0.803,0.877,0.781,0.753,0.664,0.692,0.647,0.659,0.639,0.6
Indigo,777,2,0.787,0.808,0.805,0.833,0.804,0.857,0.673,0.695,0.728,0.702,0.667,0.71,0.633,0.6
Indigo,777,3,0.823,0.76,0.771,0.82,0.815,0.865,0.69,0.745,0.718,0.76,0.662,0.722,0.726,0.6
Indigo,777,4,0.791,0.805,0.753,0.847,0.798,0.843,0.722,0.75,0.697,0.73,0.701,0.65,0.732,0.6
Indigo,777,5,0.829,0.793,0.768,0.794,0.826,0.802,0.724,0.766,0.676,0.729,0.655,0.703,0.65,0.6
Indigo,777,6,0.792,0.764,0.762,0.769,0.83,0.848,0.705,0.765,0.699,0.719,0.69,0.736,0.706,0.6
Indigo,777,7,0.779,0.782,0.768,0.819,0.787,0.82,0.669,0.734,0.671,0.688,0.698,0.718,0.664,0.6
Indigo,777,8,0.793,0.77,0.77,0.789,0.784,0.851,0.702,0.689,0.7,0.678,0.67,0.725,0.694,0.6
Indigo,777,9,0.797,0.768,0.73,0.825,0.82,0.872,0.806,0.711,0.707,0.671,0.745,0.715,0.734,0.6
Indigo,777,10,0.812,0.777,0.709,0.858,0.813,0.846,0.695,0.746,0.71,0.717,0.641,0.641,0.697,0.6
Indigo,777,11,0.798,0.754,0.795,0.807,0.799,0.847,0.764,0.697,0.694,0.665,0.717,0.695,0.706,0.6
Indigo,777,12,0.806,0.825,0.758,0.802,0.788,0.866,0.738,0.734,0.677,0.729,0.701,0.684,0.695,0.6
Indigo,777,13,0.809,0.79,0.75,0.811,0.766,0.855,0.717,0.766,0.638,0.716,0.701,0.656,0.717,0.6
Indigo,777,14,0.806,0.793,0.755,0.725,0.802,0.842,0.698,0.68,0.718,0.724,0.735,0.652,0.741,0.6
Indigo,777,15,0.8,0.768,0.77,0.846,0.789,0.879,0.721,0.683,0.66,0.748,0.661,0.683,0.704,0.6
Indigo,777,16,0.798,0.804,0.75,0.787,0.754,0.837,0.712,0.757,0.675,0.746,0.67,0.74,0.666,0.6
Indigo,777,17,0.792,0.797,0.784,0.845,0.773,0.867,0.72,0.671,0.68,0.698,0.652,0.726,0.719,0.6
Indigo,777,18,0.823,0.758,0.727,0.834,0.801,0.862,0.74,0.725,0.728,0.713,0.687,0.749,0.745,0.6
Indigo,777,19,0.779,0.74,0.787,0.807,0.797,0.828,0.73,0.708,0.658,0.648,0.596,0.643,0.743,0.6
Indigo,777,20,0.781,0.779,0.782,0.859,0.789,0.858,0.709,0.662,0.734,0.714,0.649,0.687,0.712,0.6
Indigo,777,21,0.803,0.756,0.757,0.829,0.815,0.835,0.688,0.733,0.743,0.689,0.698,0.717,0.737,0.6
Indigo,777,22,0.827,0.787,0.788,0.861,0.783,0.848,0.727,0.699,0.688,0.64,0.705,0.71,0.74,0.6
Indigo,777,23,0.827,0.765,0.757,0.866,0.822,0.822,0.649,0.713,0.663,0.712,0.714,0.629,0.71,0.6
Indigo,777,24,0.776,0.842,0.761,0.834,0.779,0.787,0.691,0.691,0.741,0.67,0.709,0.695,0.696,0.6
Indigo,777,25,0.75,0.766,0.779,0.836,0.803,0.804,0.724,0.728,0.683,0.725,0.655,0.61,0.677,0.6
Indigo,777,26,0.786,0.81,0.774,0.818,0.789,0.854,0.765,0.691,0.678,0.75,0.697,0.665,0.74,0.6
Indigo,777,27,0.811,0.756,0.765,0.82,0.833,0.855,0.735,0.724,0.718,0.661,0.629,0.694,0.714,0.6
Indigo,777,28,0.792,0.73,0.738,0.836,0.803,0.824,0.692,0.728,0.695,0.704,0.662,0.685,0.71,0.6
Indigo,777,29,0.787,0.822,0.748,0.825,0.769,0.815,0.748,0.742,0.708,0.686,0.692,0.645,0.737,0.6
Indigo,777,30,0.747,0.77,0.744,0.859,0.796,0.871,0.763,0.734,0.643,0.684,0.663,0.694,0.713,0.6
Indigo,777,31,0.773,0.8,0.74,0.809,0.805,0.837,0.767,0.754,0.654,0.671,0.72,0.684,0.722,0.6
Indigo,777,32,0.801,0.811,0.775,0.844,0.786,0.855,0.672,0.713,0.678,0.683,0.647,0.61,0.743,0.6
Indigo,777,33,0.796,0.776,0.77,0.852,0.827,0.829,0.726,0.693,0.726,0.711,0.712,0.709,0.727,0.6
Indigo,777,34,0.811,0.782,0.735,0.83,0.834,0.829,0.7,0.739,0.759,0.674,0.595,0.658,0.703,0.6
Indigo,777,35,0.797,0.773,0.75,0.801,0.783,0.849,0.737,0.672,0.755,0.725,0.699,0.67,0.709,0.6
Indigo,777,36,0.778,0.82,0.788,0.813,0.774,0.832,0.738,0.708,0.672,0.716,0.649,0.727,0.733,0.6
Indigo,777,37,0.813,0.762,0.764,0.853,0.758,0.845,0.762,0.774,0.667,0.72,0.717,0.722,0.636,0.6
Indigo,777,38,0.76,0.784,0.77,0.816,0.793,0.872,0.764,0.702,0.706,0.67,0.741,0.631,0.663,0.6
Indigo,777,39,0.782,0.754,0.786,0.89,0.805,0.832,0.742,0.693,0.747,0.709,0.695,0.656,0.693,0.6
Indigo,777,40,0.768,0.78,0.778,0.764,0.78,0.828,0.711,0.717,0.698,0.72,0.679,0.621,0.711,0.6
Indigo,777,41,0.824,0.786,0.725,0.827,0.81,0.815,0.722,0.758,0.757,0.714,0.698,0.674,0.686,0.6
Indigo,777,42,0.828,0.804,0.772,0.804,0.829,0.866,0.681,0.753,0.706,0.72,0.609,0.629,0.735,0.6
Indigo,777,43,0.785,0.8,0.733,0.776,0.838,0.863,0.716,0.727,0.675,0.722,0.721,0.665,0.717,0.6
Indigo,777,44,0.766,0.825,0.78,0.819,0.793,0.875,0.705,0.731,0.689,0.678,0.716,0.666,0.716,0.6
Indigo,777,45,0.793,0.777,0.757,0.8,0.815,0.838,0.746,0.742,0.743,0.693,0.703,0.674,0.699,0.6
Indigo,777,46,0.786,0.768,0.773,0.81,0.785,0.861,0.731,0.683,0.704,0.749,0.718,0.661,0.661,0.6
Indigo,777,47,0.793,0.814,0.775,0.751,0.817,0.785,0.778,0.745,0.686,0.714,0.703,0.663,0.716,0.6
Indigo,777,48,0.797,0.774,0.791,0.759,0.801,0.805,0.715,0.699,0.789,0.692,0.675,0.658,0.731,0.6
Indigo,777,49,0.79,0.764,0.797,0.843,0.805,0.9,0.701,0.696,0.672,0.752,0.658,0.722,0.678,0.6
Indigo,777,50,0.764,0.76,0.766,0.856,0.826,0.849,0.741,0.641,0.709,0.711,0.669,0.657,0.731,0.6
Fly Dubai,737,1,0.89888,0.8034800000000001,0.8331600000000001,0.89888,0.8342200000000001,0.88722,0.8246800000000001,0.8437600000000001,0.80984,0.8204400000000001,0.8056000000000001,0.76744,0.86814,0.9
Fly Dubai,737,2,0.86708,0.80878,0.82362,0.83528,0.80984,0.89888,0.86496,0.8246800000000001,0.8458800000000001,0.91054,0.9169,0.77274,0.8384600000000001,0.9
Fly Dubai,737,3,0.8215000000000001,0.90206,0.79606,0.89676,0.8501200000000001,0.8628399999999999,0.84164,0.80454,0.8034800000000001,0.82786,0.81408,0.7208000000000001,0.8246800000000001,0.9
Fly Dubai,737,4,0.90206,0.8013600000000001,0.8130200000000001,0.8554200000000001,0.78864,0.8639,0.82574,0.8744999999999999,0.82574,0.8289200000000001,0.8310400000000001,0.8109000000000001,0.8204400000000001,0.9
Fly Dubai,737,5,0.86178,0.79076,0.8013600000000001,0.9094800000000001,0.80242,0.8692,0.8533000000000001,0.8554200000000001,0.81408,0.8533000000000001,0.77274,0.84164,0.8342200000000001,0.9
Fly Dubai,737,6,0.8861600000000001,0.84906,0.8172600000000001,0.9137200000000001,0.8310400000000001,0.88298,0.7918200000000001,0.87556,0.88828,0.8193800000000001,0.76002,0.8469400000000001,0.7992400000000001,0.9
Fly Dubai,737,7,0.8374,0.86708,0.79818,0.8628399999999999,0.88192,0.9063,0.81408,0.8957,0.76214,0.8744999999999999,0.82362,0.78652,0.79818,0.9
Fly Dubai,737,8,0.8246800000000001,0.87238,0.8077200000000001,0.84906,0.8596600000000001,0.9222,0.8586000000000001,0.87026,0.86178,0.83952,0.8172600000000001,0.8013600000000001,0.7897000000000001,0.9
Fly Dubai,737,9,0.8215000000000001,0.8384600000000001,0.79076,0.86814,0.8427000000000001,0.91584,0.8564800000000001,0.8575400000000001,0.8162,0.8321000000000001,0.79288,0.8151400000000001,0.7632,0.9
Fly Dubai,737,10,0.8480000000000001,0.8363400000000001,0.81408,0.83528,0.83952,0.8798,0.8310400000000001,0.80878,0.78652,0.8374,0.8193800000000001,0.8109000000000001,0.7939400000000001,0.9
Fly Dubai,737,11,0.8564800000000001,0.8215000000000001,0.795,0.83952,0.8374,0.9094800000000001,0.84164,0.8437600000000001,0.7897000000000001,0.94128,0.7218600000000001,0.73034,0.8077200000000001,0.9
Fly Dubai,737,12,0.8522400000000001,0.87344,0.8162,0.87874,0.86708,0.89252,0.78546,0.8564800000000001,0.83528,0.91796,0.7791,0.8522400000000001,0.77592,0.9
Fly Dubai,737,13,0.88086,0.82998,0.82362,0.89146,0.8628399999999999,0.89252,0.8268000000000001,0.8427000000000001,0.79818,0.8331600000000001,0.74624,0.81196,0.8628399999999999,0.9
Fly Dubai,737,14,0.87344,0.86178,0.80878,0.8639,0.8427000000000001,0.901,0.87132,0.8586000000000001,0.77698,0.88828,0.82362,0.8427000000000001,0.8289200000000001,0.9
Fly Dubai,737,15,0.8427000000000001,0.87768,0.78334,0.8151400000000001,0.8904,0.89676,0.8342200000000001,0.8289200000000001,0.7526,0.9063,0.8321000000000001,0.8246800000000001,0.8575400000000001,0.9
Fly Dubai,737,16,0.8289200000000001,0.8384600000000001,0.8289200000000001,0.7992400000000001,0.8607200000000002,0.91054,0.85118,0.8193800000000001,0.8204400000000001,0.8204400000000001,0.8193800000000001,0.78546,0.8554200000000001,0.9
Fly Dubai,737,17,0.8374,0.8130200000000001,0.82998,0.8639,0.8596600000000001,0.8564800000000001,0.89676,0.8013600000000001,0.82998,0.8289200000000001,0.77698,0.795,0.87238,0.9
Fly Dubai,737,18,0.8851,0.8204400000000001,0.79818,0.80984,0.88404,0.86178,0.8193800000000001,0.85118,0.8543600000000001,0.89358,0.8861600000000001,0.8331600000000001,0.80878,0.9
Fly Dubai,737,19,0.8342200000000001,0.8225600000000001,0.8225600000000001,0.8999400000000001,0.8607200000000002,0.8405800000000001,0.82998,0.89464,0.80666,0.8342200000000001,0.9063,0.80242,0.8798,0.9
Fly Dubai,737,20,0.88722,0.8469400000000001,0.79606,0.79712,0.82998,0.90736,0.86708,0.8851,0.78546,0.8448200000000001,0.7292799999999999,0.77274,0.8469400000000001,0.9
Fly Dubai,737,21,0.8013600000000001,0.8480000000000001,0.8448200000000001,0.82362,0.8427000000000001,0.93598,0.8639,0.8607200000000002,0.8310400000000001,0.78652,0.8003,0.8533000000000001,0.82998,0.9
Fly Dubai,737,22,0.8628399999999999,0.8172600000000001,0.7875800000000001,0.8554200000000001,0.82574,0.8543600000000001,0.8469400000000001,0.8405800000000001,0.7918200000000001,0.8628399999999999,0.77062,0.8215000000000001,0.8448200000000001,0.9
Fly Dubai,737,23,0.88298,0.8363400000000001,0.8225600000000001,0.87132,0.81832,0.91266,0.901,0.8437600000000001,0.90418,0.87132,0.8798,0.7992400000000001,0.7939400000000001,0.9
Fly Dubai,737,24,0.84906,0.8077200000000001,0.80984,0.86178,0.85118,0.88828,0.8172600000000001,0.8310400000000001,0.87344,0.83528,0.75578,0.73034,0.8151400000000001,0.9
Fly Dubai,737,25,0.8543600000000001,0.795,0.76744,0.88722,0.91584,0.9137200000000001,0.8162,0.8437600000000001,0.8225600000000001,0.7897000000000001,0.75366,0.8003,0.8564800000000001,0.9
Fly Dubai,737,26,0.8533000000000001,0.80878,0.8162,0.8861600000000001,0.8268000000000001,0.8586000000000001,0.86814,0.88404,0.84164,0.88086,0.8596600000000001,0.74942,0.8448200000000001,0.9
Fly Dubai,737,27,0.87556,0.8564800000000001,0.8363400000000001,0.8501200000000001,0.8628399999999999,0.91054,0.8289200000000001,0.8543600000000001,0.77698,0.8056000000000001,0.8172600000000001,0.8448200000000001,0.8268000000000001,0.9
Fly Dubai,737,28,0.88086,0.86602,0.7844,0.86602,0.8374,0.91266,0.87132,0.8225600000000001,0.8607200000000002,0.78864,0.84906,0.7155000000000001,0.8204400000000001,0.9
Fly Dubai,737,29,0.8331600000000001,0.8448200000000001,0.8109000000000001,0.7992400000000001,0.8193800000000001,0.8744999999999999,0.8861600000000001,0.8999400000000001,0.8522400000000001,0.8904,0.7780400000000001,0.8215000000000001,0.8310400000000001,0.9
Fly Dubai,737,30,0.8246800000000001,0.8172600000000001,0.79818,0.88404,0.8586000000000001,0.87556,0.8310400000000001,0.7875800000000001,0.8458800000000001,0.8331600000000001,0.80454,0.82574,0.80878,0.9
Fly Dubai,737,31,0.82786,0.8109000000000001,0.79818,0.87662,0.83528,0.87874,0.8056000000000001,0.83528,0.76214,0.8130200000000001,0.82574,0.81196,0.8215000000000001,0.9
Fly Dubai,737,32,0.8437600000000001,0.85118,0.7801600000000001,0.88298,0.8331600000000001,0.8978200000000001,0.8427000000000001,0.8310400000000001,0.8384600000000001,0.8130200000000001,0.76108,0.7875800000000001,0.7801600000000001,0.9
Fly Dubai,737,33,0.85118,0.8109000000000001,0.7791,0.88086,0.8564800000000001,0.8851,0.8384600000000001,0.87662,0.8172600000000001,0.8469400000000001,0.7632,0.8268000000000001,0.8215000000000001,0.9
Fly Dubai,737,34,0.8586000000000001,0.8193800000000001,0.7897000000000001,0.8310400000000001,0.8437600000000001,0.87874,0.80666,0.88828,0.86496,0.76214,0.7261000000000001,0.74942,0.8321000000000001,0.9
Fly Dubai,737,35,0.90524,0.795,0.7992400000000001,0.9116000000000001,0.8374,0.92008,0.87768,0.8469400000000001,0.8596600000000001,0.87238,0.75366,0.7992400000000001,0.8034800000000001,0.9
Fly Dubai,737,36,0.84906,0.795,0.7844,0.87132,0.8480000000000001,0.9275,0.8543600000000001,0.89358,0.87556,0.8798,0.6741600000000001,0.77698,0.8437600000000001,0.9
Fly Dubai,737,37,0.8204400000000001,0.8130200000000001,0.8193800000000001,0.87026,0.8405800000000001,0.93598,0.8342200000000001,0.88298,0.8246800000000001,0.8405800000000001,0.7918200000000001,0.77486,0.81832,0.9
Fly Dubai,737,38,0.8193800000000001,0.8427000000000001,0.8077200000000001,0.8554200000000001,0.86496,0.8628399999999999,0.78546,0.86178,0.77592,0.78546,0.81196,0.84164,0.79818,0.9
Fly Dubai,737,39,0.8289200000000001,0.86708,0.77592,0.8957,0.8575400000000001,0.87132,0.8437600000000001,0.8204400000000001,0.80242,0.8321000000000001,0.7791,0.74412,0.8533000000000001,0.9
Fly Dubai,737,40,0.83528,0.8480000000000001,0.80242,0.9582400000000001,0.8596600000000001,0.8543600000000001,0.80454,0.8193800000000001,0.8109000000000001,0.77592,0.76426,0.80666,0.7685,0.9
Fly Dubai,737,41,0.8458800000000001,0.8331600000000001,0.7844,0.88828,0.8501200000000001,0.9190200000000001,0.8692,0.84164,0.8204400000000001,0.8543600000000001,0.8193800000000001,0.7430599999999999,0.8607200000000002,0.9
Fly Dubai,737,42,0.8363400000000001,0.8564800000000001,0.80984,0.84906,0.8480000000000001,0.92856,0.8246800000000001,0.7939400000000001,0.8172600000000001,0.88404,0.86496,0.8437600000000001,0.74836,0.9
Fly Dubai,737,43,0.8427000000000001,0.81408,0.8013600000000001,0.8342200000000001,0.84164,0.8586000000000001,0.9222,0.8501200000000001,0.8077200000000001,0.7918200000000001,0.84164,0.8268000000000001,0.87026,0.9
Fly Dubai,737,44,0.8554200000000001,0.81408,0.7897000000000001,0.8448200000000001,0.83952,0.90842,0.82998,0.8575400000000001,0.8543600000000001,0.8204400000000001,0.84164,0.8215000000000001,0.8405800000000001,0.9
Fly Dubai,737,45,0.8469400000000001,0.8310400000000001,0.7875800000000001,0.8427000000000001,0.8533000000000001,0.9137200000000001,0.8405800000000001,0.8639,0.81832,0.80878,0.8056000000000001,0.8193800000000001,0.8013600000000001,0.9
Fly Dubai,737,46,0.83528,0.81408,0.80984,0.8225600000000001,0.8533000000000001,0.8978200000000001,0.8543600000000001,0.82998,0.8374,0.79606,0.77698,0.83528,0.77698,0.9
Fly Dubai,737,47,0.8342200000000001,0.81196,0.8193800000000001,0.82362,0.83528,0.86178,0.901,0.83952,0.8077200000000001,0.84164,0.8374,0.7282200000000001,0.78652,0.9
Fly Dubai,737,48,0.8522400000000001,0.80984,0.77486,0.8469400000000001,0.85118,0.89888,0.91054,0.79606,0.77168,0.79288,0.84164,0.77274,0.77062,0.9
Fly Dubai,737,49,0.86496,0.80666,0.8289200000000001,0.87556,0.8342200000000001,0.9137200000000001,0.87344,0.8957,0.81196,0.82574,0.8607200000000002,0.8469400000000001,0.8363400000000001,0.9
Fly Dubai,737,50,0.82998,0.7992400000000001,0.77486,0.8374,0.8437600000000001,0.8586000000000001,0.87132,0.7663800000000001,0.79712,0.81196,0.82786,0.8246800000000001,0.78122,0.9
SpiceJet,737,1,0.5237999999999999,0.5517,0.5274,0.41850000000000004,0.4491,0.531,0.4338,0.4383,0.3627,0.37979999999999997,0.3375,0.3033,0.36360000000000003,0.3
SpiceJet,737,2,0.5454,0.48600000000000004,0.5283,0.405,0.4347,0.5670000000000001,0.48780000000000007,0.4806,0.3951,0.4419,0.3843,0.3276,0.35640000000000005,0.3
SpiceJet,737,3,0.6102000000000001,0.5040000000000001,0.54,0.3996,0.46530000000000005,0.49950000000000006,0.441,0.4806,0.4113,0.3357,0.36090000000000005,0.3546,0.4005,0.3
SpiceJet,737,4,0.5634,0.5211,0.5327999999999999,0.4131,0.4293,0.5040000000000001,0.4446,0.41400000000000003,0.43019999999999997,0.4482,0.3789,0.3411,0.36090000000000005,0.3
SpiceJet,737,5,0.5499,0.5382,0.5409,0.45180000000000003,0.4329,0.5166,0.4338,0.4113,0.4005,0.4032,0.3438,0.3114,0.3843,0.3
SpiceJet,737,6,0.5526,0.5337,0.5409,0.3699,0.4572,0.5085,0.5094,0.4491,0.3888,0.40140000000000003,0.31229999999999997,0.4005,0.4446,0.3
SpiceJet,737,7,0.5265,0.5075999999999999,0.5292,0.3888,0.4716,0.5499,0.4617,0.5058,0.40590000000000004,0.4068,0.369,0.3366,0.4239,0.3
SpiceJet,737,8,0.5688,0.5049,0.5274,0.3807,0.4545,0.4932,0.468,0.4356,0.423,0.4464,0.3852,0.35640000000000005,0.35550000000000004,0.3
SpiceJet,737,9,0.5526,0.513,0.54,0.3897,0.4329,0.5256,0.5049,0.5004000000000001,0.43019999999999997,0.3825,0.4041,0.333,0.3537,0.3
SpiceJet,737,10,0.5661,0.48150000000000004,0.5454,0.4032,0.4572,0.5031000000000001,0.49050000000000005,0.4635,0.3933,0.4437,0.2763,0.3717,0.3744,0.3
SpiceJet,737,11,0.5436,0.5166,0.54,0.3852,0.4482,0.5211,0.47880000000000006,0.48330000000000006,0.3906,0.4554,0.3186,0.3699,0.324,0.3
SpiceJet,737,12,0.5589000000000001,0.5292,0.5670000000000001,0.40590000000000004,0.4365,0.5454,0.46890000000000004,0.4527,0.4338,0.4482,0.30510000000000004,0.3618,0.3771,0.3
SpiceJet,737,13,0.5391,0.4761,0.5301,0.3924,0.4374,0.5193,0.4581,0.4509,0.4545,0.4131,0.41940000000000005,0.3996,0.4086,0.3
SpiceJet,737,14,0.5445,0.5066999999999999,0.5147999999999999,0.4158,0.4491,0.5319,0.4761,0.4545,0.3942,0.3834,0.34650000000000003,0.3825,0.3726,0.3
SpiceJet,737,15,0.5571,0.5327999999999999,0.54,0.36540000000000006,0.4482,0.5022000000000001,0.4662,0.46080000000000004,0.4212,0.4662,0.3438,0.35100000000000003,0.396,0.3
SpiceJet,737,16,0.5751000000000001,0.48960000000000004,0.5436,0.423,0.44730000000000003,0.5156999999999999,0.48780000000000007,0.4617,0.4176,0.3906,0.30600000000000005,0.3573,0.3699,0.3
SpiceJet,737,17,0.5661,0.49590000000000006,0.5427,0.4158,0.4365,0.5436,0.459,0.4311,0.4131,0.4131,0.3312,0.37979999999999997,0.378,0.3
SpiceJet,737,18,0.5445,0.47340000000000004,0.5391,0.4077,0.45180000000000003,0.5526,0.4005,0.4842,0.4482,0.3834,0.3924,0.3348,0.3456,0.3
SpiceJet,737,19,0.5562,0.5544,0.5373,0.40590000000000004,0.4662,0.5075999999999999,0.5085,0.49230000000000007,0.41850000000000004,0.3888,0.3942,0.369,0.3987,0.3
SpiceJet,737,20,0.5787,0.5229,0.5147999999999999,0.4455,0.4554,0.5292,0.4842,0.4581,0.4284,0.4203,0.3546,0.34290000000000004,0.3618,0.3
SpiceJet,737,21,0.5526,0.5355,0.5246999999999999,0.4023,0.4482,0.5337,0.48510000000000003,0.5031000000000001,0.36090000000000005,0.4068,0.378,0.3069,0.4329,0.3
SpiceJet,737,22,0.5562,0.49500000000000005,0.5481,0.3456,0.4536,0.49950000000000006,0.468,0.45990000000000003,0.43019999999999997,0.4266,0.42569999999999997,0.3618,0.36719999999999997,0.3
SpiceJet,737,23,0.5805,0.5112,0.5382,0.2988,0.4581,0.5202,0.45630000000000004,0.432,0.4338,0.3501,0.459,0.396,0.3897,0.3
SpiceJet,737,24,0.5922000000000001,0.5193,0.5147999999999999,0.4329,0.4203,0.5355,0.5004000000000001,0.46440000000000003,0.35910000000000003,0.4203,0.35640000000000005,0.3366,0.30510000000000004,0.3
SpiceJet,737,25,0.5364,0.5013000000000001,0.5517,0.4797,0.46530000000000005,0.5040000000000001,0.45630000000000004,0.47880000000000006,0.4239,0.4266,0.36719999999999997,0.3978,0.4482,0.3
SpiceJet,737,26,0.558,0.5166,0.54,0.3924,0.41040000000000004,0.5327999999999999,0.4482,0.48510000000000003,0.41040000000000004,0.46080000000000004,0.333,0.396,0.3267,0.3
SpiceJet,737,27,0.5751000000000001,0.5075999999999999,0.5481,0.3951,0.4626,0.5337,0.47790000000000005,0.4617,0.4581,0.396,0.4041,0.3492,0.4158,0.3
SpiceJet,737,28,0.6003000000000001,0.49500000000000005,0.49230000000000007,0.40950000000000003,0.4374,0.5103,0.459,0.4356,0.45,0.4491,0.39690000000000003,0.4329,0.3537,0.3
SpiceJet,737,29,0.513,0.5589000000000001,0.5355,0.4032,0.4176,0.49140000000000006,0.48690000000000005,0.4464,0.3375,0.3843,0.3933,0.4005,0.3843,0.3
SpiceJet,737,30,0.6093000000000001,0.5364,0.5634,0.441,0.46530000000000005,0.49230000000000007,0.4248,0.43019999999999997,0.4131,0.41400000000000003,0.3717,0.35910000000000003,0.3933,0.3
SpiceJet,737,31,0.5760000000000001,0.513,0.5256,0.33390000000000003,0.46530000000000005,0.5049,0.4437,0.47340000000000004,0.4338,0.4356,0.3897,0.3258,0.37079999999999996,0.3
SpiceJet,737,32,0.5481,0.5517,0.5463,0.3987,0.46530000000000005,0.5301,0.46440000000000003,0.4626,0.432,0.40950000000000003,0.3204,0.37079999999999996,0.3699,0.3
SpiceJet,737,33,0.5373,0.49590000000000006,0.5265,0.40590000000000004,0.45990000000000003,0.5175,0.4797,0.4401,0.4221,0.4266,0.378,0.405,0.369,0.3
SpiceJet,737,34,0.5292,0.5112,0.5454,0.40590000000000004,0.4554,0.48330000000000006,0.4455,0.46440000000000003,0.4293,0.3906,0.3717,0.3375,0.342,0.3
SpiceJet,737,35,0.5589000000000001,0.5175,0.5382,0.4248,0.4806,0.5436,0.4581,0.4752,0.35910000000000003,0.4176,0.3933,0.3816,0.4041,0.3
SpiceJet,737,36,0.5922000000000001,0.49590000000000006,0.5454,0.4023,0.46980000000000005,0.5246999999999999,0.4887,0.49140000000000006,0.4248,0.4077,0.3483,0.33840000000000003,0.41040000000000004,0.3
SpiceJet,737,37,0.5814,0.5075999999999999,0.49860000000000004,0.3879,0.4581,0.5004000000000001,0.41490000000000005,0.4383,0.3411,0.4239,0.34740000000000004,0.3618,0.41850000000000004,0.3
SpiceJet,737,38,0.5418,0.46440000000000003,0.5301,0.4176,0.4239,0.5139,0.459,0.4509,0.3852,0.49770000000000003,0.35190000000000005,0.36629999999999996,0.3627,0.3
SpiceJet,737,39,0.5103,0.5445,0.47430000000000005,0.4419,0.4266,0.49140000000000006,0.46530000000000005,0.5094,0.41490000000000005,0.4077,0.3357,0.3807,0.36629999999999996,0.3
SpiceJet,737,40,0.5706,0.46890000000000004,0.5409,0.41400000000000003,0.42569999999999997,0.49860000000000004,0.46440000000000003,0.4365,0.41400000000000003,0.369,0.3321,0.4266,0.35190000000000005,0.3
SpiceJet,737,41,0.5499,0.5094,0.5256,0.4374,0.4401,0.5409,0.4446,0.4707,0.3987,0.4086,0.3573,0.3771,0.3402,0.3
SpiceJet,737,42,0.5409,0.5589000000000001,0.54,0.3951,0.4617,0.5202,0.4068,0.4545,0.40140000000000003,0.4248,0.3357,0.3528,0.41400000000000003,0.3
SpiceJet,737,43,0.5553,0.5031000000000001,0.5373,0.3942,0.46890000000000004,0.5184,0.47790000000000005,0.4311,0.36540000000000006,0.4365,0.3681,0.37979999999999997,0.40140000000000003,0.3
SpiceJet,737,44,0.5319,0.5156999999999999,0.49500000000000005,0.41940000000000005,0.43019999999999997,0.5327999999999999,0.48780000000000007,0.4356,0.4041,0.4527,0.3078,0.3807,0.3816,0.3
SpiceJet,737,45,0.5751000000000001,0.4761,0.531,0.4347,0.47430000000000005,0.5049,0.46080000000000004,0.49950000000000006,0.36000000000000004,0.4122,0.36540000000000006,0.36540000000000006,0.3483,0.3
SpiceJet,737,46,0.5751000000000001,0.5327999999999999,0.5634,0.3834,0.441,0.5463,0.5166,0.45,0.3573,0.4068,0.3906,0.3816,0.4131,0.3
SpiceJet,737,47,0.5922000000000001,0.5031000000000001,0.5147999999999999,0.3726,0.4482,0.5445,0.5147999999999999,0.45630000000000004,0.40590000000000004,0.40950000000000003,0.3987,0.3357,0.3744,0.3
SpiceJet,737,48,0.5562,0.5121,0.5634,0.3807,0.49410000000000004,0.5075999999999999,0.4455,0.432,0.42569999999999997,0.41400000000000003,0.3951,0.33390000000000003,0.3249,0.3
SpiceJet,737,49,0.5517,0.5193,0.5049,0.4023,0.45990000000000003,0.5040000000000001,0.4455,0.4203,0.4005,0.4284,0.4464,0.39690000000000003,0.33840000000000003,0.3
SpiceJet,737,50,0.5301,0.5103,0.5589000000000001,0.423,0.4401,0.5445,0.5049,0.48960000000000004,0.3717,0.4275,0.3195,0.3348,0.3375,0.3
